sample_id	total_reads	mapped_reads	unmapped_reads	mapped_fraction	unmapped_fraction
A_121	6892818	6851935	40883	0.9940687538826646	0.0059312461173354645
A_122	6462092	6441414	20678	0.9968001074574612	0.003199892542538856
A_161	6473276	6465234	8042	0.9987576614993706	0.0012423385006293567
A_163	6785206	6612546	172660	0.9745534623414529	0.02544653765854714
